Idea,Description,Difficulty,Potential Monthly (est),Keywords
Digital Course,Create and sell a course,Medium,"$500-$10,000","online course, make money online"
Membership Site,Recurring monthly community,High,"$1,000-$50,000","subscription, membership site"
Affiliate Niche Site,Content + affiliate offers,Medium,"$200-$5,000","affiliate marketing, niche site"
Ebook + Funnels,Lead magnet and sales funnel,Low,"$100-$2,000","ebook, sales funnel"
SaaS Lite,Simple subscription SaaS product,High,"$2,000-$100,000","SaaS, recurring revenue"
